('DAI23334', 'ELE92920', 'DAI62779') 1.0
('DAI31081', 'GRO85051', 'FRO40251') 1.0
('DAI55911', 'GRO85051', 'FRO40251') 1.0
('DAI62779', 'DAI88079', 'FRO40251') 1.0
('DAI75645', 'GRO85051', 'FRO40251') 1.0
('ELE17451', 'GRO85051', 'FRO40251') 1.0
('ELE20847', 'FRO92469', 'FRO40251') 1.0
('ELE20847', 'GRO85051', 'FRO40251') 1.0
('ELE26917', 'GRO85051', 'FRO40251') 1.0
('FRO53271', 'GRO85051', 'FRO40251') 1.0
('GRO21487', 'GRO85051', 'FRO40251') 1.0
('GRO38814', 'GRO85051', 'FRO40251') 1.0
('GRO73461', 'GRO85051', 'FRO40251') 1.0
('GRO85051', 'SNA45677', 'FRO40251') 1.0
('GRO85051', 'SNA80324', 'FRO40251') 1.0
('DAI62779', 'GRO85051', 'FRO40251') 0.9973821989528796
('DAI75645', 'DAI88079', 'FRO40251') 0.9932885906040269
('DAI88079', 'GRO73461', 'FRO40251') 0.993103448275862
('DAI88079', 'ELE17451', 'FRO40251') 0.9919354838709677
('FRO92469', 'GRO73461', 'FRO40251') 0.9906103286384976
('DAI62779', 'FRO92469', 'FRO40251') 0.9834710743801653
('ELE17451', 'FRO92469', 'FRO40251') 0.9818181818181818
('DAI75645', 'FRO92469', 'FRO40251') 0.98046875
('DAI88079', 'SNA80324', 'FRO40251') 0.9788732394366197
('FRO92469', 'SNA80324', 'FRO40251') 0.9744318181818182
('DAI55148', 'FRO92469', 'FRO40251') 0.9722222222222222
('ELE92920', 'GRO81087', 'DAI62779') 0.9571428571428572
('DAI85309', 'ELE92920', 'DAI62779') 0.9502487562189055
('ELE92920', 'SNA18336', 'DAI62779') 0.9494505494505494
('GRO15017', 'SNA18336', 'DAI62779') 0.9292035398230089
('DAI83733', 'ELE92920', 'DAI62779') 0.9279279279279279
('ELE17451', 'SNA18336', 'DAI62779') 0.9138576779026217
('ELE17451', 'ELE92920', 'DAI62779') 0.8984375
('DAI42083', 'DAI62779', 'DAI92600') 0.8974358974358975
('ELE92920', 'GRO15017', 'DAI62779') 0.8881987577639752
('ELE59028', 'FRO85978', 'DAI62779') 0.874251497005988
('DAI85309', 'SNA18336', 'DAI62779') 0.8728323699421965
('ELE21353', 'FRO19221', 'DAI62779') 0.8709677419354839
('ELE59028', 'SNA93860', 'DAI62779') 0.8571428571428571
('ELE17451', 'SNA18336', 'ELE92920') 0.8539325842696629
('DAI62779', 'SNA18336', 'ELE92920') 0.8537549407114624
('FRO19221', 'SNA53220', 'DAI62779') 0.8451612903225807
('DAI42493', 'SNA18336', 'DAI62779') 0.8384615384615385
('ELE99737', 'FRO19221', 'DAI85309') 0.8345864661654135
('FRO19221', 'SNA93860', 'DAI62779') 0.8278145695364238
('ELE92920', 'GRO59710', 'DAI62779') 0.8226950354609929
('ELE17451', 'GRO85051', 'DAI62779') 0.8202764976958525
('FRO47962', 'GRO73461', 'DAI75645') 0.8102189781021898
('ELE74009', 'ELE92920', 'DAI62779') 0.8076923076923077
('ELE32164', 'SNA18336', 'DAI62779') 0.8064516129032258
('DAI85309', 'SNA18336', 'ELE92920') 0.8034682080924855
('ELE17451', 'GRO94758', 'DAI62779') 0.7929515418502202
('DAI75645', 'ELE92920', 'DAI62779') 0.7926829268292683
('DAI42493', 'ELE92920', 'DAI62779') 0.7887323943661971
('ELE59028', 'SNA93860', 'FRO85978') 0.7577639751552795
('FRO19221', 'SNA93860', 'SNA53220') 0.7549668874172185
('ELE32164', 'ELE92920', 'DAI62779') 0.7366071428571429
('FRO19221', 'SNA53220', 'SNA93860') 0.7354838709677419
('ELE59028', 'FRO85978', 'SNA93860') 0.7305389221556886
('ELE17451', 'GRO85051', 'SNA80324') 0.728110599078341
('ELE92920', 'FRO40251', 'DAI62779') 0.7136150234741784
('FRO40251', 'SNA18336', 'DAI62779') 0.7132867132867133
('DAI85309', 'ELE17451', 'DAI62779') 0.7033195020746889
('FRO19221', 'GRO73461', 'DAI62779') 0.7029702970297029
('ELE17451', 'SNA80324', 'DAI62779') 0.6984924623115578
('DAI43223', 'ELE17451', 'DAI62779') 0.696319018404908
('DAI85309', 'ELE92920', 'SNA18336') 0.6915422885572139
('DAI85309', 'SNA18336', 'ELE17451') 0.6878612716763006
('DAI85309', 'ELE92920', 'ELE17451') 0.681592039800995
('ELE99737', 'GRO94758', 'DAI85309') 0.68
('DAI62779', 'ELE99737', 'DAI85309') 0.6783042394014963
('DAI85309', 'FRO19221', 'ELE99737') 0.6607142857142857
('ELE17451', 'GRO15017', 'DAI62779') 0.6491228070175439
('ELE17451', 'SNA38068', 'DAI62779') 0.6378378378378379
('DAI42083', 'ELE17451', 'DAI92600') 0.6324324324324324
('DAI43223', 'ELE17451', 'ELE32164') 0.6319018404907976
('DAI43223', 'DAI62779', 'ELE32164') 0.6252723311546841
('DAI62779', 'SNA53220', 'SNA93860') 0.6209677419354839
('ELE17451', 'GRO81087', 'DAI62779') 0.6106870229007634
('SNA53220', 'SNA93860', 'DAI62779') 0.6062992125984252
('DAI43223', 'GRO73461', 'ELE32164') 0.6032608695652174
('DAI75645', 'ELE17451', 'DAI62779') 0.5996343692870201
('DAI31081', 'GRO59710', 'ELE32164') 0.5989304812834224
('ELE17451', 'ELE92920', 'SNA18336') 0.59375
('DAI62779', 'DAI92600', 'DAI42083') 0.5932203389830508
('FRO85978', 'SNA93860', 'DAI62779') 0.5931558935361216
('DAI31081', 'DAI75645', 'FRO40251') 0.5922330097087378
('GRO94758', 'SNA80324', 'FRO40251') 0.591743119266055
('ELE17451', 'SNA80324', 'FRO40251') 0.5912897822445561
('DAI75645', 'GRO94758', 'SNA80324') 0.5911330049261084
('DAI62779', 'SNA59903', 'ELE17451') 0.5906432748538012
('ELE99737', 'SNA45677', 'DAI85309') 0.5898876404494382
('GRO81087', 'SNA80324', 'FRO40251') 0.5891891891891892
('DAI75645', 'FRO47962', 'GRO73461') 0.5873015873015873
('FRO53271', 'SNA80324', 'FRO40251') 0.5867346938775511
('FRO53271', 'GRO59710', 'ELE32164') 0.5865921787709497
('DAI75645', 'FRO53271', 'FRO40251') 0.5857142857142857
('GRO81087', 'SNA80324', 'DAI75645') 0.5837837837837838
('DAI42493', 'ELE17451', 'DAI62779') 0.5833333333333334
('ELE17451', 'FRO40251', 'DAI62779') 0.5824964131994261
('SNA55762', 'SNA80324', 'DAI75645') 0.582089552238806
('DAI75645', 'GRO94758', 'FRO40251') 0.5812807881773399
('ELE32164', 'GRO30386', 'DAI62779') 0.5784313725490197
('ELE17451', 'SNA59903', 'DAI62779') 0.5754985754985755
('DAI92600', 'ELE17451', 'DAI42083') 0.5735294117647058
('DAI55911', 'FRO40251', 'GRO85051') 0.5732758620689655
('DAI75645', 'GRO30386', 'DAI62779') 0.5732217573221757
('GRO30386', 'SNA80324', 'DAI62779') 0.5714285714285714
('ELE17451', 'SNA90094', 'DAI62779') 0.5659340659340659
('ELE20847', 'SNA80324', 'FRO40251') 0.5658536585365853
('FRO40251', 'GRO94758', 'SNA80324') 0.5608695652173913
('DAI43223', 'GRO59710', 'ELE32164') 0.560546875
('GRO71621', 'SNA80324', 'FRO40251') 0.5590551181102362
('ELE78169', 'SNA45677', 'GRO94758') 0.558252427184466
('DAI62779', 'ELE20847', 'SNA80324') 0.5563636363636364
('ELE17451', 'FRO78087', 'DAI62779') 0.555045871559633
('DAI55148', 'SNA80324', 'DAI62779') 0.5545722713864307
('DAI55148', 'FRO40251', 'DAI62779') 0.5510204081632653
('GRO94758', 'SNA80324', 'DAI75645') 0.5504587155963303
('GRO30386', 'SNA80324', 'DAI75645') 0.5504201680672269
('DAI85309', 'SNA55762', 'DAI62779') 0.5497630331753555
('DAI75645', 'ELE17451', 'SNA80324') 0.5484460694698354
('ELE17451', 'GRO71621', 'DAI62779') 0.5482758620689655
('DAI75645', 'GRO30386', 'SNA80324') 0.5481171548117155
('ELE17451', 'SNA96271', 'DAI62779') 0.5467980295566502
('DAI55148', 'DAI75645', 'DAI62779') 0.5451505016722408
('DAI31081', 'SNA80324', 'FRO40251') 0.544973544973545
('DAI85309', 'ELE32164', 'DAI62779') 0.5444015444015444
('DAI75645', 'GRO81087', 'FRO40251') 0.5436893203883495
('FRO73056', 'GRO73461', 'GRO44993') 0.5435897435897435
('ELE17451', 'ELE32164', 'DAI62779') 0.5420743639921722
('DAI62779', 'ELE20847', 'FRO40251') 0.5381818181818182
('DAI62779', 'GRO85051', 'SNA80324') 0.5366492146596858
('DAI62779', 'GRO59710', 'ELE32164') 0.5365418894830659
('DAI75645', 'ELE20847', 'SNA80324') 0.5359477124183006
('DAI75645', 'GRO21487', 'GRO73461') 0.5352112676056338
('ELE20847', 'FRO40251', 'SNA80324') 0.5345622119815668
('DAI75645', 'ELE17451', 'FRO40251') 0.5338208409506399
('DAI75645', 'GRO46854', 'GRO73461') 0.531578947368421
('GRO30386', 'GRO59710', 'DAI62779') 0.531578947368421
('DAI75645', 'GRO71621', 'FRO40251') 0.5308056872037915
('DAI85309', 'GRO73461', 'DAI62779') 0.5295857988165681
('GRO59710', 'SNA45677', 'ELE32164') 0.5291005291005291
('DAI62779', 'SNA53220', 'FRO19221') 0.5282258064516129
('GRO21487', 'SNA80324', 'FRO40251') 0.5244444444444445
('DAI75645', 'GRO81087', 'SNA80324') 0.5242718446601942
('DAI23334', 'DAI62779', 'ELE92920') 0.5238095238095238
('ELE17451', 'GRO59710', 'DAI62779') 0.5220588235294118
('ELE17451', 'GRO46854', 'DAI62779') 0.5215311004784688
('ELE17451', 'SNA45677', 'DAI62779') 0.5197368421052632
('ELE17451', 'SNA55762', 'DAI62779') 0.5181518151815182
('SNA55762', 'SNA80324', 'FRO40251') 0.5174129353233831
('DAI62779', 'SNA80324', 'FRO40251') 0.5157096424702059
('ELE17451', 'ELE56788', 'DAI62779') 0.5144230769230769
('DAI75645', 'SNA55762', 'FRO40251') 0.5137254901960784
('FRO40251', 'GRO94758', 'DAI75645') 0.5130434782608696
('DAI62779', 'ELE78169', 'GRO94758') 0.5117370892018779
('SNA80324', 'SNA96271', 'FRO40251') 0.5114155251141552
('ELE74009', 'FRO40251', 'DAI75645') 0.5110294117647058
('ELE17451', 'ELE26917', 'DAI62779') 0.5095541401273885
('FRO40251', 'GRO30386', 'DAI62779') 0.5089285714285714
('FRO40251', 'SNA55762', 'DAI75645') 0.5077519379844961
('FRO80039', 'SNA80324', 'FRO40251') 0.5073170731707317
('GRO73461', 'SNA96271', 'DAI62779') 0.5066666666666667
('ELE17451', 'FRO40251', 'SNA80324') 0.5064562410329986
('FRO40251', 'GRO46854', 'GRO73461') 0.5047619047619047
('ELE17451', 'SNA80324', 'DAI75645') 0.5025125628140703
('DAI75645', 'GRO21487', 'FRO40251') 0.5023474178403756
('FRO40251', 'GRO81087', 'DAI75645') 0.5022421524663677
('GRO71621', 'GRO73461', 'DAI62779') 0.5016393442622951
('ELE92920', 'SNA18336', 'ELE17451') 0.5010989010989011
('DAI62779', 'ELE21353', 'FRO19221') 0.5
('DAI75645', 'ELE20847', 'FRO40251') 0.5
('ELE26917', 'SNA80324', 'FRO40251') 0.49812734082397003
('DAI91290', 'ELE17451', 'DAI62779') 0.4977168949771689
('DAI83733', 'ELE17451', 'DAI62779') 0.4966216216216216
('GRO94758', 'SNA80324', 'DAI62779') 0.4954128440366973
('GRO38814', 'SNA80324', 'FRO40251') 0.4953271028037383
('ELE17451', 'GRO59710', 'ELE32164') 0.4950980392156863
('DAI43223', 'DAI62779', 'ELE17451') 0.49455337690631807
('FRO40251', 'SNA96271', 'SNA80324') 0.4933920704845815
('FRO40251', 'GRO71621', 'SNA80324') 0.4930555555555556
('DAI62779', 'ELE92920', 'SNA18336') 0.4925883694412771
('SNA45677', 'SNA80324', 'FRO40251') 0.4921875
('DAI55148', 'ELE17451', 'DAI62779') 0.4918032786885246
('GRO73461', 'SNA55762', 'DAI62779') 0.49099099099099097
('DAI75645', 'SNA45677', 'FRO40251') 0.4897959183673469
('GRO30386', 'GRO73461', 'DAI62779') 0.48947368421052634
('FRO40251', 'GRO69543', 'GRO73461') 0.4889867841409692
('FRO40251', 'GRO81087', 'SNA80324') 0.48878923766816146
('ELE26917', 'SNA80324', 'DAI75645') 0.4868913857677903
('DAI75645', 'SNA80324', 'FRO40251') 0.48672566371681414
('FRO40251', 'GRO30386', 'DAI75645') 0.48660714285714285
('DAI75645', 'GRO85051', 'SNA80324') 0.4860759493670886
('DAI75645', 'ELE74009', 'FRO40251') 0.486013986013986
('DAI75645', 'DAI85309', 'DAI62779') 0.4858490566037736
('DAI75645', 'DAI85309', 'FRO40251') 0.4858490566037736
('FRO40251', 'GRO21487', 'GRO73461') 0.48533333333333334
('ELE17451', 'ELE74009', 'DAI62779') 0.48484848484848486
('DAI62779', 'SNA18336', 'ELE17451') 0.48221343873517786
('DAI75645', 'GRO38814', 'FRO40251') 0.47950819672131145
('DAI43223', 'ELE17451', 'GRO59710') 0.4785276073619632
('DAI62779', 'DAI75645', 'SNA80324') 0.47732426303854875
('GRO38814', 'SNA80324', 'DAI75645') 0.4766355140186916
('DAI62779', 'FRO92469', 'SNA80324') 0.47520661157024796
('ELE74009', 'SNA80324', 'DAI75645') 0.4732142857142857
('DAI83733', 'DAI85309', 'DAI62779') 0.4709897610921502
('DAI62779', 'SNA95666', 'FRO85978') 0.4692982456140351
('DAI75645', 'ELE26917', 'SNA80324') 0.4676258992805755
('DAI62779', 'DAI75645', 'FRO40251') 0.4671201814058957
('GRO44993', 'GRO73461', 'FRO73056') 0.4669603524229075
('ELE17451', 'SNA72163', 'SNA59903') 0.46691176470588236
('ELE17451', 'SNA99873', 'DAI62779') 0.4666666666666667
('DAI62779', 'GRO85051', 'ELE17451') 0.46596858638743455
('ELE17451', 'GRO30386', 'DAI62779') 0.4658119658119658
('DAI75645', 'FRO92469', 'SNA80324') 0.46484375
('FRO85978', 'SNA93860', 'ELE59028') 0.46387832699619774
('DAI75645', 'ELE26917', 'FRO40251') 0.460431654676259
('FRO40251', 'GRO30386', 'SNA80324') 0.45982142857142855
('DAI75645', 'SNA55762', 'SNA80324') 0.4588235294117647
('DAI42083', 'DAI92600', 'ELE17451') 0.45703125
('ELE78169', 'GRO94758', 'SNA45677') 0.45634920634920634
('DAI62779', 'SNA80324', 'DAI75645') 0.4561213434452871
('DAI75645', 'GRO30386', 'FRO40251') 0.4560669456066946
('DAI75645', 'SNA45677', 'SNA80324') 0.4530612244897959
('DAI62779', 'SNA80324', 'ELE17451') 0.4517876489707476
('SNA59903', 'SNA72163', 'DAI88807') 0.45161290322580644
('GRO59710', 'GRO73461', 'ELE32164') 0.4491803278688525
('SNA53220', 'SNA93860', 'FRO19221') 0.44881889763779526
('DAI31081', 'ELE17451', 'DAI62779') 0.44782608695652176
('DAI85309', 'FRO40251', 'DAI62779') 0.4471830985915493
('DAI43223', 'DAI62779', 'GRO59710') 0.4466230936819172
('ELE32164', 'SNA45677', 'GRO59710') 0.44642857142857145
('ELE17451', 'SNA18336', 'DAI85309') 0.44569288389513106
('DAI62779', 'FRO40251', 'SNA80324') 0.44485981308411215
('DAI75645', 'FRO40251', 'SNA80324') 0.43859649122807015
('DAI31081', 'FRO40251', 'DAI75645') 0.4357142857142857
('GRO85051', 'SNA80324', 'DAI62779') 0.43524416135881105
('DAI62779', 'SNA72163', 'SNA59903') 0.4336917562724014
('SNA45677', 'SNA80324', 'DAI75645') 0.43359375
('GRO30386', 'SNA80324', 'FRO40251') 0.4327731092436975
('ELE78169', 'GRO94758', 'DAI62779') 0.43253968253968256
('DAI85309', 'GRO71621', 'DAI62779') 0.42962962962962964
('DAI85309', 'GRO94758', 'ELE99737') 0.42857142857142855
('SNA45677', 'SNA96271', 'DAI62779') 0.4275092936802974
('DAI88807', 'SNA59903', 'SNA72163') 0.4268292682926829
('ELE17451', 'GRO73461', 'DAI62779') 0.4224137931034483
('ELE26917', 'FRO40251', 'GRO85051') 0.42196531791907516
('ELE17451', 'FRO40251', 'DAI75645') 0.41893830703012913
('DAI62779', 'ELE20847', 'DAI75645') 0.41818181818181815
('DAI75645', 'GRO38814', 'SNA80324') 0.4180327868852459
('FRO40251', 'FRO80039', 'SNA80324') 0.41767068273092367
('FRO40251', 'GRO56726', 'GRO73461') 0.41700404858299595
('DAI85309', 'SNA45677', 'DAI62779') 0.4169611307420495
('DAI75645', 'GRO38814', 'GRO73461') 0.4139344262295082
('ELE32164', 'FRO53271', 'GRO59710') 0.41338582677165353
('GRO73461', 'SNA80324', 'FRO40251') 0.4128113879003559
('DAI85309', 'ELE99737', 'DAI62779') 0.41274658573596357
('DAI88807', 'ELE17451', 'SNA59903') 0.41237113402061853
('DAI75645', 'GRO73461', 'FRO40251') 0.41151685393258425
('FRO40251', 'FRO92469', 'SNA80324') 0.41077844311377243
('DAI42083', 'DAI92600', 'DAI62779') 0.41015625
('SNA59903', 'SNA72163', 'ELE17451') 0.4096774193548387
('GRO73461', 'SNA80324', 'DAI75645') 0.4092526690391459
('FRO40251', 'SNA45677', 'SNA80324') 0.4077669902912621
('GRO85051', 'SNA80324', 'DAI75645') 0.40764331210191085
('GRO94758', 'SNA45677', 'DAI62779') 0.40559440559440557
('DAI62779', 'GRO81087', 'ELE17451') 0.40404040404040403
('DAI43223', 'ELE32164', 'DAI62779') 0.40365682137834036
('DAI43223', 'ELE32164', 'GRO59710') 0.40365682137834036
('DAI62779', 'GRO85051', 'DAI75645') 0.4031413612565445
('ELE17451', 'ELE32164', 'DAI43223') 0.40313111545988256
('FRO40251', 'SNA55762', 'SNA80324') 0.40310077519379844
('GRO94758', 'SNA45677', 'ELE78169') 0.4020979020979021
('DAI55148', 'DAI75645', 'FRO40251') 0.4013377926421405
('DAI43223', 'GRO59710', 'DAI62779') 0.400390625
('ELE20847', 'SNA80324', 'DAI75645') 0.4
('DAI62779', 'DAI88807', 'SNA72163') 0.39846743295019155
('FRO40251', 'FRO53271', 'DAI75645') 0.39805825242718446
('FRO40251', 'GRO38814', 'DAI75645') 0.39661016949152544
('DAI62779', 'GRO38814', 'GRO73461') 0.39588688946015427
('ELE17451', 'ELE32164', 'GRO59710') 0.3953033268101761
('DAI62779', 'ELE59028', 'FRO85978') 0.3945945945945946
('DAI55148', 'ELE17451', 'FRO40251') 0.39344262295081966
('DAI62779', 'ELE92920', 'ELE17451') 0.3933865450399088
('ELE17451', 'SNA72163', 'DAI62779') 0.39338235294117646
('DAI55148', 'DAI75645', 'SNA80324') 0.391304347826087
('SNA59903', 'SNA72163', 'DAI62779') 0.3903225806451613
('DAI75645', 'GRO85051', 'DAI62779') 0.389873417721519
('FRO40251', 'GRO38814', 'GRO85051') 0.3898305084745763
('FRO40251', 'SNA80324', 'DAI75645') 0.3895184135977337
('FRO40251', 'GRO71621', 'DAI75645') 0.3888888888888889
('FRO40251', 'SNA45677', 'DAI75645') 0.3883495145631068
('FRO40251', 'GRO85051', 'SNA80324') 0.3882934872217642
('ELE17451', 'SNA72163', 'DAI88807') 0.3860294117647059
('GRO73461', 'SNA72163', 'DAI88807') 0.38596491228070173
('DAI62779', 'FRO40251', 'DAI75645') 0.3850467289719626
('ELE26917', 'FRO40251', 'SNA80324') 0.38439306358381503
('DAI62779', 'SNA72163', 'ELE17451') 0.3835125448028674
('ELE17451', 'GRO59710', 'DAI43223') 0.38235294117647056
('DAI62779', 'GRO59710', 'ELE17451') 0.37967914438502676
('DAI62779', 'FRO40251', 'ELE17451') 0.3794392523364486
('DAI75645', 'ELE20847', 'DAI62779') 0.3758169934640523
('DAI62779', 'GRO94758', 'ELE17451') 0.3757828810020877
('ELE20847', 'SNA80324', 'DAI62779') 0.37317073170731707
('DAI62779', 'ELE59028', 'SNA93860') 0.372972972972973
('DAI62779', 'SNA72163', 'DAI88807') 0.3727598566308244
('DAI75645', 'SNA80324', 'DAI62779') 0.37256637168141593
('FRO40251', 'FRO53271', 'SNA80324') 0.37216828478964403
('DAI62779', 'DAI75645', 'ELE17451') 0.37188208616780044
('DAI85309', 'SNA45677', 'ELE99737') 0.3710247349823322
('DAI75645', 'ELE74009', 'SNA80324') 0.3706293706293706
('ELE26917', 'FRO40251', 'DAI75645') 0.3699421965317919
('DAI62779', 'DAI85309', 'ELE17451') 0.369281045751634
('DAI31081', 'FRO40251', 'SNA80324') 0.3678571428571429
('DAI62779', 'GRO21487', 'GRO73461') 0.3673036093418259
('DAI55148', 'ELE17451', 'SNA80324') 0.36721311475409835
('DAI75645', 'GRO73461', 'DAI62779') 0.36657303370786515
('DAI88807', 'SNA59903', 'ELE17451') 0.36585365853658536
('DAI62779', 'GRO15017', 'ELE92920') 0.3657289002557545
('DAI62779', 'GRO59710', 'DAI43223') 0.36541889483065954
('ELE17451', 'FRO80039', 'DAI62779') 0.3651685393258427
('DAI31081', 'FRO40251', 'GRO85051') 0.36428571428571427
('DAI75645', 'ELE26917', 'DAI62779') 0.36330935251798563
('DAI55148', 'SNA80324', 'FRO40251') 0.36283185840707965
('DAI85309', 'FRO40251', 'DAI75645') 0.3626760563380282
('DAI42493', 'DAI62779', 'ELE17451') 0.36245954692556637
('DAI42493', 'DAI62779', 'ELE92920') 0.36245954692556637
('ELE17451', 'SNA59903', 'SNA72163') 0.36182336182336183
('DAI62779', 'ELE32164', 'GRO59710') 0.36177884615384615
('DAI88807', 'ELE17451', 'SNA72163') 0.36082474226804123
('GRO38814', 'GRO73461', 'DAI62779') 0.36065573770491804
('DAI62779', 'FRO85978', 'SNA93860') 0.35944700460829493
('FRO40251', 'GRO38814', 'GRO73461') 0.3593220338983051
('FRO40251', 'GRO38814', 'SNA80324') 0.3593220338983051
('DAI55148', 'DAI62779', 'FRO40251') 0.3593155893536122
('DAI31081', 'ELE32164', 'GRO59710') 0.358974358974359
('DAI62779', 'SNA38068', 'ELE17451') 0.3586626139817629
('DAI55148', 'FRO40251', 'SNA80324') 0.358600583090379
('DAI55148', 'DAI62779', 'SNA80324') 0.3574144486692015
('FRO40251', 'GRO73461', 'DAI62779') 0.35714285714285715
('ELE17451', 'ELE92920', 'DAI85309') 0.3567708333333333
('DAI62779', 'FRO40251', 'GRO85051') 0.3560747663551402
('DAI88807', 'SNA72163', 'SNA59903') 0.3553299492385787
('DAI55148', 'DAI75645', 'ELE17451') 0.35451505016722407
('FRO40251', 'GRO71621', 'DAI62779') 0.3541666666666667
('DAI62779', 'SNA59903', 'SNA72163') 0.3538011695906433
('DAI42493', 'DAI62779', 'SNA18336') 0.35275080906148865
('ELE20847', 'FRO40251', 'DAI75645') 0.35253456221198154
('GRO73461', 'SNA80324', 'DAI62779') 0.35231316725978645
('GRO73461', 'SNA45677', 'DAI62779') 0.3522012578616352
('DAI88807', 'GRO73461', 'SNA72163') 0.3514376996805112
('DAI55148', 'FRO40251', 'DAI75645') 0.3498542274052478
('DAI55148', 'FRO40251', 'ELE17451') 0.3498542274052478
('DAI55148', 'ELE17451', 'DAI75645') 0.3475409836065574
('GRO46854', 'GRO73461', 'DAI62779') 0.34704370179948585
('GRO69543', 'GRO73461', 'FRO40251') 0.346875
('FRO40251', 'SNA45677', 'GRO85051') 0.34627831715210355
('DAI55148', 'SNA80324', 'DAI75645') 0.34513274336283184
('DAI62779', 'ELE32164', 'DAI43223') 0.3449519230769231
('ELE17451', 'SNA59903', 'DAI88807') 0.3418803418803419
('ELE20847', 'FRO40251', 'DAI62779') 0.34101382488479265
('DAI22896', 'DAI62779', 'GRO73461') 0.3400673400673401
('FRO40251', 'FRO53271', 'GRO85051') 0.33980582524271846
('FRO40251', 'GRO38814', 'DAI62779') 0.3389830508474576
('DAI62779', 'GRO81087', 'ELE92920') 0.3383838383838384
('FRO92469', 'SNA80324', 'DAI75645') 0.3380681818181818
('FRO40251', 'SNA80324', 'DAI62779') 0.3371104815864023
('DAI62779', 'FRO85978', 'ELE59028') 0.33640552995391704
('GRO85051', 'SNA80324', 'ELE17451') 0.3354564755838641
('FRO40251', 'SNA80324', 'GRO85051') 0.3335694050991501
('DAI62779', 'ELE32164', 'ELE17451') 0.3329326923076923
('DAI22896', 'GRO73461', 'DAI62779') 0.33223684210526316
('FRO40251', 'GRO73461', 'DAI75645') 0.3321995464852608
('DAI88079', 'FRO40251', 'DAI75645') 0.33183856502242154
('ELE32164', 'GRO59710', 'DAI62779') 0.33040614709110866
('DAI55148', 'SNA80324', 'ELE17451') 0.3303834808259587
('DAI75645', 'FRO40251', 'DAI62779') 0.32854864433811803
('FRO92469', 'SNA80324', 'DAI62779') 0.32670454545454547
('FRO40251', 'GRO85051', 'DAI75645') 0.325638911788953
('DAI75645', 'GRO73461', 'SNA80324') 0.32303370786516855
('DAI88079', 'FRO40251', 'GRO73461') 0.32286995515695066
('ELE20847', 'FRO40251', 'GRO85051') 0.32027649769585254
('FRO40251', 'GRO21487', 'GRO85051') 0.32
('DAI85309', 'GRO46854', 'DAI62779') 0.3179190751445087
('GRO56726', 'GRO73461', 'FRO40251') 0.31790123456790126
('ELE32164', 'GRO59710', 'DAI43223') 0.3150384193194292
('ELE26917', 'FRO40251', 'DAI62779') 0.315028901734104
('DAI75645', 'FRO40251', 'GRO85051') 0.3149920255183413
('FRO40251', 'GRO21487', 'SNA80324') 0.31466666666666665
('FRO40251', 'GRO85051', 'DAI62779') 0.31409727947238253
('DAI88079', 'FRO40251', 'SNA80324') 0.3116591928251121
('ELE17451', 'FRO40251', 'GRO85051') 0.3113342898134864
('DAI62779', 'SNA99873', 'ELE17451') 0.3103448275862069
('DAI55148', 'DAI62779', 'DAI75645') 0.30988593155893535
('DAI62779', 'DAI91290', 'ELE17451') 0.3087818696883853
('DAI62779', 'GRO30386', 'ELE17451') 0.307475317348378
('DAI62779', 'FRO19221', 'GRO73461') 0.30735930735930733
('DAI55148', 'FRO40251', 'FRO92469') 0.30612244897959184
('ELE92920', 'SNA18336', 'DAI85309') 0.3054945054945055
('DAI43223', 'GRO59710', 'ELE17451') 0.3046875
('DAI62779', 'ELE56788', 'ELE17451') 0.30140845070422534
('FRO40251', 'FRO92469', 'DAI75645') 0.3005988023952096
('DAI62779', 'SNA18336', 'DAI85309') 0.2984189723320158
('DAI62779', 'DAI85309', 'ELE99737') 0.2962962962962963
('DAI62779', 'DAI75645', 'GRO73461') 0.29591836734693877
('ELE17451', 'FRO31317', 'DAI62779') 0.29526462395543174
('DAI62779', 'FRO40251', 'GRO73461') 0.29439252336448596
('DAI62779', 'GRO46854', 'GRO73461') 0.2928416485900217
('DAI62779', 'SNA93860', 'FRO85978') 0.2905027932960894
('DAI43223', 'ELE32164', 'ELE17451') 0.28973277074542897
('GRO21487', 'GRO73461', 'FRO40251') 0.2884310618066561
('DAI62779', 'SNA93860', 'SNA53220') 0.28677839851024206
('FRO40251', 'GRO21487', 'DAI75645') 0.2853333333333333
('DAI55148', 'DAI62779', 'ELE17451') 0.28517110266159695
('FRO40251', 'FRO92469', 'DAI62779') 0.28502994011976046
('DAI85309', 'ELE17451', 'ELE92920') 0.2842323651452282
('DAI62779', 'GRO15017', 'ELE17451') 0.28388746803069054
('DAI62779', 'FRO19221', 'SNA53220') 0.28354978354978355
('DAI31081', 'DAI62779', 'ELE17451') 0.28296703296703296
('DAI62779', 'FRO31317', 'ELE17451') 0.28191489361702127
('ELE32164', 'GRO73461', 'GRO59710') 0.28189300411522633
('ELE20847', 'FRO40251', 'FRO92469') 0.28110599078341014
('DAI88807', 'SNA72163', 'GRO73461') 0.27918781725888325
('DAI62779', 'GRO73461', 'FRO40251') 0.276558384547849
('DAI88079', 'FRO40251', 'ELE17451') 0.2757847533632287
('GRO21487', 'GRO73461', 'DAI62779') 0.27416798732171155
('ELE17451', 'GRO73461', 'FRO40251') 0.27413793103448275
('GRO46854', 'GRO73461', 'FRO40251') 0.27249357326478146
('GRO30386', 'GRO73461', 'ELE17451') 0.2710526315789474
('DAI62779', 'FRO19221', 'SNA93860') 0.27056277056277056
('ELE32164', 'GRO73461', 'DAI62779') 0.26954732510288065
('DAI62779', 'GRO15017', 'SNA18336') 0.26854219948849106
('DAI62779', 'GRO71621', 'ELE17451') 0.2672268907563025
('DAI88807', 'SNA72163', 'ELE17451') 0.26649746192893403
('DAI62779', 'FRO31317', 'GRO73461') 0.26595744680851063
('DAI75645', 'SNA80324', 'ELE17451') 0.26548672566371684
('DAI62779', 'SNA55762', 'ELE17451') 0.26475548060708265
('ELE17451', 'SNA80324', 'GRO85051') 0.2646566164154104
('DAI88807', 'SNA72163', 'DAI62779') 0.2639593908629442
('FRO40251', 'GRO73461', 'SNA80324') 0.26303854875283444
('DAI62779', 'GRO30386', 'GRO73461') 0.2623413258110014
('DAI88079', 'FRO40251', 'DAI62779') 0.2623318385650224
('DAI62779', 'ELE17451', 'SNA80324') 0.2619346733668342
('DAI62779', 'SNA45677', 'ELE17451') 0.26158940397350994
('DAI62779', 'SNA96271', 'SNA45677') 0.26018099547511314
('GRO46854', 'GRO73461', 'DAI75645') 0.2596401028277635
('DAI62779', 'ELE74009', 'ELE17451') 0.25925925925925924
('DAI62779', 'SNA96271', 'GRO73461') 0.2579185520361991
('DAI62779', 'GRO71621', 'GRO73461') 0.2571428571428571
('DAI62779', 'GRO38814', 'FRO40251') 0.2570694087403599
('DAI62779', 'SNA93860', 'ELE59028') 0.2569832402234637
('DAI62779', 'ELE17451', 'FRO40251') 0.2550251256281407
('FRO31317', 'GRO73461', 'DAI62779') 0.25316455696202533
('FRO40251', 'FRO92469', 'GRO73461') 0.25269461077844313
('DAI62779', 'SNA90094', 'ELE17451') 0.25245098039215685
('DAI62779', 'SNA96271', 'ELE17451') 0.251131221719457
('DAI62779', 'FRO78087', 'ELE17451') 0.25103734439834025
('DAI62779', 'DAI83733', 'ELE17451') 0.2508532423208191
('FRO40251', 'SNA80324', 'ELE17451') 0.25
('GRO38814', 'GRO73461', 'FRO40251') 0.24824355971896955
('DAI85309', 'ELE17451', 'SNA18336') 0.24688796680497926
('DAI62779', 'FRO85978', 'SNA95666') 0.2465437788018433
('DAI62779', 'ELE26917', 'ELE17451') 0.24615384615384617
('DAI62779', 'ELE74009', 'ELE92920') 0.24305555555555555
('FRO40251', 'SNA80324', 'FRO92469') 0.24291784702549576
('DAI62779', 'GRO94758', 'SNA45677') 0.24217118997912318
('FRO73056', 'GRO44993', 'GRO73461') 0.2420091324200913
('FRO40251', 'GRO73461', 'FRO92469') 0.23922902494331066
('DAI62779', 'GRO46854', 'DAI85309') 0.2386117136659436
('GRO38814', 'GRO73461', 'DAI75645') 0.23653395784543327
('DAI62779', 'GRO46854', 'ELE17451') 0.23644251626898047
('DAI62779', 'FRO80039', 'ELE17451') 0.23636363636363636
('DAI62779', 'DAI83733', 'DAI85309') 0.2354948805460751
('DAI62779', 'FRO19221', 'ELE21353') 0.23376623376623376
('DAI75645', 'FRO40251', 'GRO73461') 0.23365231259968103
('DAI75645', 'FRO40251', 'ELE17451') 0.23285486443381181
('DAI62779', 'SNA93860', 'FRO19221') 0.23277467411545624
('ELE17451', 'FRO40251', 'FRO92469') 0.23242467718794835
('FRO85978', 'SNA95666', 'DAI62779') 0.23110151187904968
('DAI62779', 'GRO73461', 'DAI75645') 0.22914837576821773
('ELE32164', 'GRO73461', 'DAI43223') 0.22839506172839505
('ELE17451', 'FRO40251', 'GRO73461') 0.22812051649928264
('DAI62779', 'GRO94758', 'ELE78169') 0.22755741127348644
('DAI62779', 'GRO94758', 'SNA80324') 0.2254697286012526
('DAI62779', 'FRO40251', 'FRO92469') 0.22242990654205608
('DAI62779', 'SNA80324', 'GRO85051') 0.2221018418201517
('ELE32164', 'GRO59710', 'ELE17451') 0.2217343578485181
('DAI75645', 'ELE17451', 'GRO73461') 0.22120658135283364
('ELE17451', 'GRO30386', 'GRO73461') 0.22008547008547008
('DAI62779', 'ELE92920', 'DAI85309') 0.217787913340935
('DAI62779', 'ELE17451', 'ELE92920') 0.21670854271356785
('DAI62779', 'SNA18336', 'DAI42493') 0.21541501976284586
('DAI62779', 'GRO73461', 'ELE17451') 0.2151009657594381
('DAI62779', 'SNA80324', 'GRO73461') 0.21451787648970747
('DAI62779', 'ELE17451', 'DAI85309') 0.2129396984924623
('ELE17451', 'GRO73461', 'DAI75645') 0.20862068965517241
('DAI62779', 'DAI85309', 'ELE92920') 0.20806100217864923
('DAI62779', 'SNA18336', 'GRO15017') 0.2075098814229249
('DAI62779', 'GRO59710', 'ELE92920') 0.20677361853832443
('FRO40251', 'GRO73461', 'GRO21487') 0.20634920634920634
('DAI62779', 'ELE17451', 'DAI75645') 0.20603015075376885
('DAI62779', 'SNA80324', 'DAI55148') 0.20368364030335862
('DAI75645', 'SNA80324', 'GRO73461') 0.20353982300884957
('DAI62779', 'SNA18336', 'FRO40251') 0.2015810276679842
('DAI75645', 'FRO40251', 'FRO92469') 0.20015948963317384
('DAI62779', 'ELE32164', 'ELE92920') 0.19831730769230768
('DAI62779', 'SNA18336', 'ELE32164') 0.1976284584980237
('DAI62779', 'SNA55762', 'DAI85309') 0.19561551433389546
('DAI62779', 'SNA45677', 'DAI85309') 0.19536423841059603
('DAI62779', 'DAI85309', 'GRO73461') 0.19498910675381265
('DAI62779', 'GRO71621', 'DAI85309') 0.1949579831932773
('FRO40251', 'FRO92469', 'ELE17451') 0.19401197604790418
('DAI75645', 'ELE17451', 'DAI55148') 0.19378427787934185
('DAI62779', 'GRO30386', 'DAI75645') 0.19322990126939352
('DAI62779', 'SNA45677', 'GRO94758') 0.19205298013245034
('DAI62779', 'GRO30386', 'SNA80324') 0.1918194640338505
('DAI62779', 'SNA45677', 'SNA96271') 0.19039735099337748
('DAI62779', 'ELE92920', 'ELE32164') 0.18814139110604333
('ELE17451', 'SNA80324', 'DAI55148') 0.18760469011725292
('DAI62779', 'SNA45677', 'GRO73461') 0.18543046357615894
('DAI62779', 'DAI75645', 'DAI55148') 0.18480725623582767
('DAI62779', 'SNA55762', 'GRO73461') 0.18381112984822934
('GRO21487', 'GRO73461', 'DAI75645') 0.18066561014263074
('FRO40251', 'GRO73461', 'ELE17451') 0.18027210884353742
('DAI62779', 'GRO59710', 'GRO30386') 0.1800356506238859
('FRO40251', 'GRO85051', 'ELE17451') 0.17889530090684255
('ELE17451', 'GRO73461', 'GRO30386') 0.17758620689655172
('DAI62779', 'FRO40251', 'DAI55148') 0.1766355140186916
('ELE17451', 'FRO40251', 'DAI88079') 0.17647058823529413
('DAI62779', 'DAI83733', 'ELE92920') 0.1757679180887372
('DAI62779', 'DAI75645', 'GRO85051') 0.1746031746031746
('DAI62779', 'ELE17451', 'ELE32164') 0.17399497487437185
('DAI62779', 'GRO73461', 'SNA80324') 0.17383669885864794
('DAI62779', 'ELE92920', 'FRO40251') 0.1733181299885975
('ELE17451', 'FRO40251', 'DAI55148') 0.17216642754662842
('DAI62779', 'GRO71621', 'FRO40251') 0.17142857142857143
('DAI75645', 'GRO73461', 'ELE17451') 0.1699438202247191
('DAI75645', 'SNA80324', 'GRO85051') 0.16991150442477876
('DAI62779', 'ELE32164', 'DAI85309') 0.16947115384615385
('DAI85309', 'ELE99737', 'FRO19221') 0.16843702579666162
('DAI62779', 'ELE26917', 'FRO40251') 0.1676923076923077
('FRO40251', 'GRO73461', 'GRO85051') 0.16666666666666666
('DAI62779', 'GRO30386', 'ELE32164') 0.16643159379407615
('DAI62779', 'SNA80324', 'ELE20847') 0.1657638136511376
('DAI62779', 'DAI85309', 'SNA18336') 0.1644880174291939
('FRO40251', 'SNA80324', 'ELE20847') 0.1643059490084986
('FRO40251', 'SNA80324', 'GRO73461') 0.1643059490084986
('DAI62779', 'GRO73461', 'GRO30386') 0.16330114135206322
('FRO40251', 'GRO73461', 'DAI88079') 0.16326530612244897
('DAI62779', 'ELE92920', 'DAI23334') 0.1630558722919042
('DAI62779', 'ELE92920', 'GRO15017') 0.1630558722919042
('DAI62779', 'GRO30386', 'FRO40251') 0.1607898448519041
('DAI75645', 'GRO73461', 'GRO21487') 0.1601123595505618
('DAI85309', 'ELE99737', 'SNA45677') 0.15933232169954475
('DAI62779', 'ELE32164', 'GRO73461') 0.15745192307692307
('DAI62779', 'GRO73461', 'DAI85309') 0.15715539947322213
('DAI43223', 'ELE32164', 'GRO73461') 0.15611814345991562
('DAI75645', 'GRO73461', 'FRO47962') 0.15589887640449437
('DAI62779', 'ELE26917', 'DAI75645') 0.15538461538461537
('DAI62779', 'DAI75645', 'GRO30386') 0.15532879818594103
('DAI85309', 'ELE99737', 'GRO94758') 0.15477996965098634
('DAI62779', 'ELE17451', 'GRO73461') 0.15389447236180903
('DAI62779', 'DAI85309', 'ELE32164') 0.15359477124183007
('DAI62779', 'ELE17451', 'SNA18336') 0.15326633165829145
('DAI62779', 'ELE92920', 'GRO81087') 0.15279361459521096
('DAI62779', 'GRO73461', 'GRO21487') 0.15188762071992976
('ELE32164', 'GRO59710', 'GRO73461') 0.150384193194292
('DAI62779', 'DAI85309', 'DAI83733') 0.1503267973856209
('DAI62779', 'ELE92920', 'DAI75645') 0.14823261117445838
('DAI62779', 'DAI75645', 'ELE92920') 0.1473922902494331
('DAI62779', 'SNA80324', 'GRO30386') 0.14734561213434452
('FRO40251', 'FRO92469', 'ELE20847') 0.14610778443113773
('DAI75645', 'SNA80324', 'ELE20847') 0.14513274336283186
('DAI62779', 'ELE17451', 'DAI43223') 0.14258793969849246
('DAI62779', 'GRO30386', 'GRO59710') 0.14245416078984485
('DAI62779', 'FRO40251', 'ELE92920') 0.14205607476635515
('DAI75645', 'GRO73461', 'GRO38814') 0.14185393258426968
('DAI75645', 'GRO73461', 'GRO46854') 0.14185393258426968
('DAI62779', 'ELE32164', 'GRO30386') 0.14182692307692307
('DAI62779', 'DAI85309', 'FRO40251') 0.1383442265795207
('DAI62779', 'FRO40251', 'ELE20847') 0.1383177570093458
('DAI62779', 'ELE17451', 'GRO30386') 0.13693467336683418
('DAI62779', 'GRO73461', 'GRO38814') 0.13520632133450394
('DAI62779', 'GRO73461', 'GRO71621') 0.13432835820895522
('DAI62779', 'ELE17451', 'GRO59710') 0.13379396984924624
('DAI62779', 'ELE92920', 'GRO59710') 0.1322690992018244
('DAI62779', 'DAI75645', 'ELE20847') 0.13038548752834467
('DAI62779', 'DAI85309', 'SNA45677') 0.12854030501089325
('DAI62779', 'ELE92920', 'DAI42493') 0.12770809578107184
('DAI62779', 'ELE17451', 'SNA59903') 0.12688442211055276
('DAI62779', 'DAI85309', 'GRO71621') 0.12636165577342048
('DAI62779', 'DAI85309', 'SNA55762') 0.12636165577342048
('FRO40251', 'GRO73461', 'GRO69543') 0.12585034013605442
('FRO40251', 'FRO92469', 'DAI55148') 0.12574850299401197
('DAI62779', 'GRO73461', 'FRO19221') 0.12467076382791922
('DAI62779', 'SNA80324', 'FRO92469') 0.12459371614301191
('ELE32164', 'GRO59710', 'DAI31081') 0.12294182217343579
('DAI75645', 'FRO40251', 'ELE20847') 0.12200956937799043
('FRO40251', 'GRO85051', 'GRO73461') 0.12118713932399011
('FRO40251', 'GRO85051', 'ELE26917') 0.12036273701566365
('DAI62779', 'ELE32164', 'SNA18336') 0.1201923076923077
('FRO40251', 'GRO73461', 'GRO38814') 0.12018140589569161
('FRO40251', 'GRO73461', 'GRO46854') 0.12018140589569161
('DAI62779', 'DAI85309', 'GRO46854') 0.11982570806100218
('DAI62779', 'ELE92920', 'ELE74009') 0.11972633979475485
('DAI62779', 'FRO40251', 'DAI85309') 0.11869158878504672
('DAI62779', 'GRO73461', 'GRO46854') 0.11852502194907814
('DAI75645', 'FRO40251', 'DAI88079') 0.11802232854864433
('DAI62779', 'ELE92920', 'DAI83733') 0.11744583808437856
('DAI62779', 'SNA80324', 'GRO94758') 0.11700975081256772
('DAI62779', 'DAI75645', 'DAI85309') 0.11678004535147392
('FRO40251', 'GRO73461', 'GRO56726') 0.11678004535147392
('DAI75645', 'SNA80324', 'GRO30386') 0.11592920353982301
('ELE32164', 'GRO59710', 'FRO53271') 0.11525795828759605
('DAI75645', 'SNA80324', 'ELE26917') 0.11504424778761062
('DAI62779', 'GRO73461', 'ELE32164') 0.11501316944688324
('FRO40251', 'GRO85051', 'ELE20847') 0.1145919208573784
('DAI62779', 'DAI75645', 'ELE26917') 0.1145124716553288
('DAI62779', 'ELE17451', 'GRO94758') 0.11306532663316583
('DAI62779', 'DAI85309', 'DAI75645') 0.11220043572984749
('DAI62779', 'ELE17451', 'GRO85051') 0.11180904522613065
('DAI75645', 'FRO40251', 'ELE74009') 0.11084529505582137
('ELE32164', 'GRO59710', 'SNA45677') 0.10976948408342481
('FRO40251', 'GRO85051', 'DAI55911') 0.10964550700741962
('DAI62779', 'FRO40251', 'DAI88079') 0.10934579439252337
('DAI62779', 'FRO40251', 'GRO30386') 0.10654205607476636
('DAI75645', 'SNA80324', 'GRO94758') 0.10619469026548672
('DAI75645', 'SNA80324', 'FRO92469') 0.10530973451327434
('DAI75645', 'FRO40251', 'SNA55762') 0.10446570972886762
('DAI75645', 'SNA80324', 'DAI55148') 0.10353982300884956
('DAI75645', 'SNA80324', 'SNA55762') 0.10353982300884956
('DAI75645', 'FRO40251', 'ELE26917') 0.10207336523125997
('DAI62779', 'FRO40251', 'ELE26917') 0.10186915887850467
('FRO40251', 'SNA80324', 'GRO71621') 0.10056657223796034
('DAI62779', 'ELE17451', 'ELE26917') 0.10050251256281408
('DAI62779', 'ELE17451', 'GRO81087') 0.10050251256281408
('DAI62779', 'GRO73461', 'SNA96271') 0.10008779631255488
('DAI62779', 'ELE17451', 'GRO71621') 0.09987437185929648
('DAI62779', 'ELE17451', 'SNA45677') 0.0992462311557789
('FRO40251', 'GRO85051', 'GRO21487') 0.0989282769991756
('DAI62779', 'ELE17451', 'SNA55762') 0.0986180904522613
('FRO40251', 'SNA80324', 'DAI88079') 0.09844192634560907
('DAI62779', 'GRO73461', 'SNA45677') 0.09833187006145742
('DAI75645', 'SNA80324', 'SNA45677') 0.09823008849557523
('DAI75645', 'FRO40251', 'FRO53271') 0.09808612440191387
('DAI75645', 'FRO40251', 'DAI31081') 0.09728867623604466
('DAI62779', 'GRO73461', 'SNA55762') 0.09569798068481124
('DAI75645', 'FRO40251', 'DAI55148') 0.09569377990430622
('DAI75645', 'FRO40251', 'SNA45677') 0.09569377990430622
('DAI75645', 'SNA80324', 'GRO81087') 0.09557522123893805
('DAI62779', 'FRO40251', 'GRO71621') 0.09532710280373832
('DAI62779', 'FRO40251', 'SNA18336') 0.09532710280373832
('FRO40251', 'GRO85051', 'GRO38814') 0.09480626545754328
('DAI62779', 'ELE17451', 'DAI55148') 0.0942211055276382
('FRO40251', 'SNA80324', 'ELE26917') 0.09419263456090651
('DAI75645', 'FRO40251', 'GRO94758') 0.09409888357256778
('DAI75645', 'SNA80324', 'ELE74009') 0.09380530973451327
('DAI62779', 'FRO40251', 'GRO38814') 0.09345794392523364
('DAI75645', 'FRO40251', 'GRO38814') 0.09330143540669857
('DAI62779', 'ELE17451', 'DAI83733') 0.09233668341708542
('FRO40251', 'SNA80324', 'GRO94758') 0.09135977337110482
('DAI75645', 'SNA80324', 'GRO38814') 0.09026548672566372
('DAI75645', 'FRO40251', 'GRO71621') 0.08931419457735247
('DAI75645', 'FRO40251', 'GRO81087') 0.08931419457735247
('FRO40251', 'SNA80324', 'SNA45677') 0.08923512747875353
('DAI62779', 'GRO73461', 'DAI22896') 0.08867427568042142
('FRO40251', 'GRO85051', 'SNA45677') 0.08821104699093157
('DAI62779', 'GRO73461', 'FRO31317') 0.08779631255487269
('FRO40251', 'SNA80324', 'DAI55148') 0.08711048158640226
('DAI75645', 'FRO40251', 'GRO30386') 0.08692185007974482
('FRO40251', 'GRO85051', 'FRO53271') 0.08656224237427865
('DAI75645', 'FRO40251', 'GRO21487') 0.08532695374800638
('FRO40251', 'GRO85051', 'DAI31081') 0.08408903544929926
('FRO40251', 'SNA80324', 'GRO21487') 0.08356940509915015
('DAI75645', 'FRO40251', 'DAI85309') 0.08213716108452951
('DAI62779', 'ELE17451', 'FRO80039') 0.08165829145728644
('FRO40251', 'SNA80324', 'FRO53271') 0.08144475920679886
('FRO40251', 'SNA80324', 'SNA96271') 0.07932011331444759
('DAI62779', 'ELE17451', 'SNA99873') 0.07914572864321608
('FRO40251', 'SNA80324', 'GRO81087') 0.07719546742209632
('DAI62779', 'ELE17451', 'FRO78087') 0.07600502512562814
('FRO40251', 'SNA80324', 'GRO38814') 0.07507082152974505
('DAI62779', 'ELE17451', 'SNA38068') 0.07412060301507538
('FRO40251', 'SNA80324', 'FRO80039') 0.07365439093484419
('FRO40251', 'SNA80324', 'SNA55762') 0.07365439093484419
('FRO40251', 'SNA80324', 'DAI31081') 0.07294617563739376
('FRO40251', 'SNA80324', 'GRO30386') 0.07294617563739376
('DAI62779', 'ELE17451', 'DAI42493') 0.07035175879396985
('DAI62779', 'ELE17451', 'ELE74009') 0.07035175879396985
('DAI62779', 'ELE17451', 'GRO15017') 0.06972361809045226
('DAI62779', 'ELE17451', 'SNA96271') 0.06972361809045226
('DAI62779', 'ELE17451', 'DAI91290') 0.06846733668341709
('DAI62779', 'ELE17451', 'GRO46854') 0.06846733668341709
('DAI62779', 'ELE17451', 'ELE56788') 0.06721105527638191
('DAI62779', 'ELE17451', 'SNA72163') 0.06721105527638191
('DAI62779', 'ELE17451', 'FRO31317') 0.06658291457286432
('DAI62779', 'ELE17451', 'DAI31081') 0.06469849246231156
('DAI62779', 'ELE17451', 'SNA90094') 0.06469849246231156
